{
  "project_info": {
    "project_number": "684295994881",
    "firebase_url": "https://gen21-339917-default-rtdb.asia-southeast1.firebasedatabase.app",
    "project_id": "gen21-339917",
    "storage_bucket": "gen21-339917.appspot.com"
  },
  "client": [
    {
      "client_info": {
        "mobilesdk_app_id": "1:684295994881:android:34c86f4050e66425608a00",
        "android_client_info": {
          "package_name": "com.gen21.home_service"
        }
      },
      "oauth_client": [
        {
          "client_id": "684295994881-27lgiji3nqel7rsguo4ukumlaj2vpb6e.apps.googleusercontent.com",
          "client_type": 1,
          "android_info": {
            "package_name": "com.gen21.home_service",
            "certificate_hash": "9a110f6f0fe4cc8763d05239af4c8ff3964dbb36"
          }
        },
        {
          "client_id": "684295994881-cosn00423u6gdgpbb1b8e1aefmvuvrcj.apps.googleusercontent.com",
          "client_type": 1,
          "android_info": {
            "package_name": "com.gen21.home_service",
            "certificate_hash": "36f98a6ac02c6faf84e8977b35747075b42193a2"
          }
        },
        {
          "client_id": "684295994881-utqlui7p8duiv8414mp6bpbu4n7p3psn.apps.googleusercontent.com",
          "client_type": 1,
          "android_info": {
            "package_name": "com.gen21.home_service",
            "certificate_hash": "5dfa993c60ca229e53b63afc6374a0c642955618"
          }
        },
        {
          "client_id": "684295994881-fvjufafv56einou90ra5ttijsekc6n01.apps.googleusercontent.com",
          "client_type": 3
        }
      ],
      "api_key": [
        {
          "current_key": "AIzaSyDJfsd-EiMaW7xFbzr1Ya-YoFp6wo0Lxxc"
        }
      ],
      "services": {
        "appinvite_service": {
          "other_platform_oauth_client": [
            {
              "client_id": "684295994881-fvjufafv56einou90ra5ttijsekc6n01.apps.googleusercontent.com",
              "client_type": 3
            },
            {
              "client_id": "684295994881-vrrsthjmcncrpcvqjv5n2gcmau831jvr.apps.googleusercontent.com",
              "client_type": 2,
              "ios_info": {
                "bundle_id": "com.gen21.home.service"
              }
            }
          ]
        }
      }
    },
    {
      "client_info": {
        "mobilesdk_app_id": "1:684295994881:android:aadf596312bca2ae608a00",
        "android_client_info": {
          "package_name": "com.gen21.home_service_provider"
        }
      },
      "oauth_client": [
        {
          "client_id": "684295994881-dl4j0a7e92ij9fej2spatn26gqanfk7t.apps.googleusercontent.com",
          "client_type": 1,
          "android_info": {
            "package_name": "com.gen21.home_service_provider",
            "certificate_hash": "5dfa993c60ca229e53b63afc6374a0c642955618"
          }
        },
        {
          "client_id": "684295994881-kbr2ut7i38jfi0dbnm0qiof25sj3v0mk.apps.googleusercontent.com",
          "client_type": 1,
          "android_info": {
            "package_name": "com.gen21.home_service_provider",
            "certificate_hash": "dfc26f12b578489f3cc11edd2505bab7ed19078c"
          }
        },
        {
          "client_id": "684295994881-sp9db7jfbi3ka033vq57r3ognm83n4oa.apps.googleusercontent.com",
          "client_type": 1,
          "android_info": {
            "package_name": "com.gen21.home_service_provider",
            "certificate_hash": "00cd0071f5ae5e1bf1a6bebc027093ecb2329897"
          }
        },
        {
          "client_id": "684295994881-fvjufafv56einou90ra5ttijsekc6n01.apps.googleusercontent.com",
          "client_type": 3
        }
      ],
      "api_key": [
        {
          "current_key": "AIzaSyDJfsd-EiMaW7xFbzr1Ya-YoFp6wo0Lxxc"
        }
      ],
      "services": {
        "appinvite_service": {
          "other_platform_oauth_client": [
            {
              "client_id": "684295994881-fvjufafv56einou90ra5ttijsekc6n01.apps.googleusercontent.com",
              "client_type": 3
            },
            {
              "client_id": "684295994881-vrrsthjmcncrpcvqjv5n2gcmau831jvr.apps.googleusercontent.com",
              "client_type": 2,
              "ios_info": {
                "bundle_id": "com.gen21.home.service"
              }
            }
          ]
        }
      }
    }
  ],
  "configuration_version": "1"
}